[
  {
    "name": "Playground Pulse",
    "producer": "Crystal The Developer",
    "file": "audio/demo.mp3",
    "category": "Hip hop",
    "image": "images/demo-1.jpg",
    "price": "19.99",
    "uploaded": "2024-01-01 12:00:00"
  },
  {
    "name": "Browser Breeze",
    "producer": "Crystal The Developer",
    "file": "audio/demo.mp3",
    "category": "Rnb",
    "image": "images/demo-2.jpg",
    "price": "24.00",
    "uploaded": "2024-01-01 12:05:00"
  },
  {
    "name": "Sandbox Skyline",
    "producer": "Crystal The Developer",
    "file": "audio/demo.mp3",
    "category": "Pop",
    "image": "images/demo-3.jpg",
    "price": "14.00",
    "uploaded": "2024-01-01 12:10:00"
  }
]
