[
    {
        "name": "Creepy",
        "producer": "Crystal Lewis",
        "file": "audio/1761390825-creepy-Piano.m4a",
        "category": "Hip hop",
        "image": "images/1761390825-creepy.webp",
        "price": "",
        "uploaded": "2025-10-25 11:13:45"
    },
    {
        "name": "Creepy",
        "producer": "Crystal Lewis",
        "file": "audio/1761390825-creepy-Piano.m4a",
        "category": "Hip hop",
        "image": "images/1761390825-creepy.webp",
        "price": "",
        "uploaded": "2025-10-25 11:13:45"
    },
    {
        "name": "Creepy",
        "producer": "Crystal Lewis",
        "file": "audio/1761390825-creepy-Piano.m4a",
        "category": "Hip hop",
        "image": "images/1761390825-creepy.webp",
        "price": "",
        "uploaded": "2025-10-25 11:13:45"
    },
    {
        "name": "Creepy",
        "producer": "Crystal Lewis",
        "file": "audio/1761390825-creepy-Piano.m4a",
        "category": "Hip hop",
        "image": "images/1761390825-creepy.webp",
        "price": "",
        "uploaded": "2025-10-25 11:13:45"
    },
    {
        "name": "Creepy",
        "producer": "Crystal Lewis",
        "file": "audio/1761390825-creepy-Piano.m4a",
        "category": "Hip hop",
        "image": "images/1761390825-creepy.webp",
        "price": "",
        "uploaded": "2025-10-25 11:13:45"
    },
    {
        "name": "Creepy",
        "producer": "Crystal Lewis",
        "file": "audio/1761390825-creepy-Piano.m4a",
        "category": "Hip hop",
        "image": "images/1761390825-creepy.webp",
        "price": "",
        "uploaded": "2025-10-25 11:13:45"
    },
    {
        "name": "Creepy",
        "producer": "Crystal Lewis",
        "file": "audio/1761390825-creepy-Piano.m4a",
        "category": "Hip hop",
        "image": "images/1761390825-creepy.webp",
        "price": "",
        "uploaded": "2025-10-25 11:13:45"
    },
    {
        "name": "Creepy",
        "producer": "Crystal Lewis",
        "file": "audio/1761390825-creepy-Piano.m4a",
        "category": "Hip hop",
        "image": "images/1761390825-creepy.webp",
        "price": "",
        "uploaded": "2025-10-25 11:13:45"
    },
    {
        "name": "Deep Cut",
        "producer": "Dmitrii from Pixabay",
        "file": "audio/demo.mp3",
        "category": "Trap Soul",
        "image": "images/demo-2.jpg",
        "price": "29.99",
        "uploaded": "2025-10-24 16:17:51"
    },
    {
        "name": "Silver Flow",
        "producer": "Dmitrii from Pixabay",
        "file": "audio/demo.mp3",
        "category": "Dance",
        "image": "images/demo-4.jpg",
        "price": "14.99",
        "uploaded": "2025-10-24 16:13:22"
    },
    {
        "name": "Echo City",
        "producer": "Dmitrii from Pixabay",
        "file": "audio/demo.mp3",
        "category": "Alternative RnB",
        "image": "images/demo-3.jpg",
        "price": "19.99",
        "uploaded": "2025-10-24 16:13:22"
    },
    {
        "name": "Sunset Drive",
        "producer": "Dmitrii from Pixabay",
        "file": "audio/demo.mp3",
        "category": "Electronic",
        "image": "images/demo-1.jpg",
        "price": "34.99",
        "uploaded": "2025-10-24 16:13:22"
    },
    {
        "name": "Dream Code",
        "producer": "Dmitrii from Pixabay",
        "file": "audio/demo.mp3",
        "category": "Soul",
        "image": "images/demo-1.jpg",
        "price": "19.99",
        "uploaded": "2025-10-24 16:13:22"
    },
    {
        "name": "Deep Cut",
        "producer": "Dmitrii from Pixabay",
        "file": "audio/demo.mp3",
        "category": "Pop Rap",
        "image": "images/demo-4.jpg",
        "price": "24.99",
        "uploaded": "2025-10-24 16:13:22"
    },
    {
        "name": "Echo City",
        "producer": "Dmitrii from Pixabay",
        "file": "audio/demo.mp3",
        "category": "Beats",
        "image": "images/demo-3.jpg",
        "price": "19.99",
        "uploaded": "2025-10-24 16:13:22"
    },
    {
        "name": "Ocean Tape",
        "producer": "Dmitrii from Pixabay",
        "file": "audio/demo.mp3",
        "category": "Club",
        "image": "images/demo-1.jpg",
        "price": "34.99",
        "uploaded": "2025-10-24 16:13:22"
    },
    {
        "name": "Neon Beat",
        "producer": "Dmitrii from Pixabay",
        "file": "audio/demo.mp3",
        "category": "Drill",
        "image": "images/demo-2.jpg",
        "price": "29.99",
        "uploaded": "2025-10-24 16:13:22"
    },
    {
        "name": "Silver Flow",
        "producer": "Dmitrii from Pixabay",
        "file": "audio/demo.mp3",
        "category": "Latin",
        "image": "images/demo-1.jpg",
        "price": "24.99",
        "uploaded": "2025-10-24 16:13:22"
    },
    {
        "name": "Skyline",
        "producer": "Dmitrii from Pixabay",
        "file": "audio/demo.mp3",
        "category": "Pop RnB",
        "image": "images/demo-2.jpg",
        "price": "29.99",
        "uploaded": "2025-10-24 16:13:22"
    },
    {
        "name": "Silver Flow",
        "producer": "Dmitrii from Pixabay",
        "file": "audio/demo.mp3",
        "category": "Pop hip hop",
        "image": "images/demo-3.jpg",
        "price": "19.99",
        "uploaded": "2025-10-24 16:13:22"
    },
    {
        "name": "Sunset Drive",
        "producer": "Dmitrii from Pixabay",
        "file": "audio/demo.mp3",
        "category": "Lo-fi",
        "image": "images/demo-4.jpg",
        "price": "19.99",
        "uploaded": "2025-10-24 16:13:22"
    },
    {
        "name": "Silver Flow",
        "producer": "Dmitrii from Pixabay",
        "file": "audio/demo.mp3",
        "category": "Afro Pop",
        "image": "images/demo-5.jpg",
        "price": "34.99",
        "uploaded": "2025-10-24 16:13:22"
    },
    {
        "name": "Street Light",
        "producer": "Dmitrii from Pixabay",
        "file": "audio/demo.mp3",
        "category": "Indie Rock",
        "image": "images/demo-3.jpg",
        "price": "9.99",
        "uploaded": "2025-10-24 16:13:22"
    },
    {
        "name": "Echo City",
        "producer": "Dmitrii from Pixabay",
        "file": "audio/demo.mp3",
        "category": "Alternative Rock",
        "image": "images/demo-5.jpg",
        "price": "14.99",
        "uploaded": "2025-10-24 16:13:22"
    },
    {
        "name": "Golden Line",
        "producer": "Dmitrii from Pixabay",
        "file": "audio/demo.mp3",
        "category": "Dance Hall",
        "image": "images/demo-4.jpg",
        "price": "19.99",
        "uploaded": "2025-10-24 16:13:22"
    },
    {
        "name": "Sunset Drive",
        "producer": "Dmitrii from Pixabay",
        "file": "audio/demo.mp3",
        "category": "Chill",
        "image": "images/demo-1.jpg",
        "price": "19.99",
        "uploaded": "2025-10-24 16:13:22"
    },
    {
        "name": "Echo City",
        "producer": "Dmitrii from Pixabay",
        "file": "audio/demo.mp3",
        "category": "Neo Soul",
        "image": "images/demo-5.jpg",
        "price": "29.99",
        "uploaded": "2025-10-24 16:13:22"
    },
    {
        "name": "Sunset Drive",
        "producer": "Dmitrii from Pixabay",
        "file": "audio/demo.mp3",
        "category": "Pop Rock",
        "image": "images/demo-3.jpg",
        "price": "19.99",
        "uploaded": "2025-10-24 16:13:22"
    },
    {
        "name": "Golden Line",
        "producer": "Dmitrii from Pixabay",
        "file": "audio/demo.mp3",
        "category": "Old School Hip Hop",
        "image": "images/demo-4.jpg",
        "price": "19.99",
        "uploaded": "2025-10-24 16:13:22"
    },
    {
        "name": "Street Light",
        "producer": "Dmitrii from Pixabay",
        "file": "audio/demo.mp3",
        "category": "Boom Bap",
        "image": "images/demo-3.jpg",
        "price": "34.99",
        "uploaded": "2025-10-24 16:13:22"
    },
    {
        "name": "Deep Cut",
        "producer": "Dmitrii from Pixabay",
        "file": "audio/demo.mp3",
        "category": "Funk",
        "image": "images/demo-1.jpg",
        "price": "9.99",
        "uploaded": "2025-10-24 16:13:22"
    },
    {
        "name": "Deep Cut",
        "producer": "Dmitrii from Pixabay",
        "file": "audio/demo.mp3",
        "category": "Downtempo",
        "image": "images/demo-2.jpg",
        "price": "29.99",
        "uploaded": "2025-10-24 16:13:22"
    },
    {
        "name": "Ocean Tape",
        "producer": "Dmitrii from Pixabay",
        "file": "audio/demo.mp3",
        "category": "Synthwave",
        "image": "images/demo-3.jpg",
        "price": "14.99",
        "uploaded": "2025-10-24 16:13:22"
    },
    {
        "name": "Neon Beat",
        "producer": "Dmitrii from Pixabay",
        "file": "audio/demo.mp3",
        "category": "Dubstep",
        "image": "images/demo-3.jpg",
        "price": "14.99",
        "uploaded": "2025-10-24 16:13:22"
    },
    {
        "name": "Ocean Tape",
        "producer": "Dmitrii from Pixabay",
        "file": "audio/demo.mp3",
        "category": "Jazz fusion",
        "image": "images/demo-4.jpg",
        "price": "34.99",
        "uploaded": "2025-10-24 16:13:22"
    },
    {
        "name": "Dream Code",
        "producer": "Dmitrii from Pixabay",
        "file": "audio/demo.mp3",
        "category": "Country",
        "image": "images/demo-5.jpg",
        "price": "24.99",
        "uploaded": "2025-10-24 16:13:22"
    },
    {
        "name": "Sunset Drive",
        "producer": "Dmitrii from Pixabay",
        "file": "audio/demo.mp3",
        "category": "Alternative Hip Hop",
        "image": "images/demo-3.jpg",
        "price": "24.99",
        "uploaded": "2025-10-24 16:13:22"
    },
    {
        "name": "Echo City",
        "producer": "Dmitrii from Pixabay",
        "file": "audio/demo.mp3",
        "category": "Gangsta Rap",
        "image": "images/demo-5.jpg",
        "price": "29.99",
        "uploaded": "2025-10-24 16:13:22"
    },
    {
        "name": "Echo City",
        "producer": "Dmitrii from Pixabay",
        "file": "audio/demo.mp3",
        "category": "Dirty South",
        "image": "images/demo-3.jpg",
        "price": "29.99",
        "uploaded": "2025-10-24 16:13:22"
    },
    {
        "name": "Ocean Tape",
        "producer": "Dmitrii from Pixabay",
        "file": "audio/demo.mp3",
        "category": "Instrumental Hip Hop",
        "image": "images/demo-5.jpg",
        "price": "34.99",
        "uploaded": "2025-10-24 16:13:22"
    },
    {
        "name": "Neon Beat",
        "producer": "Dmitrii from Pixabay",
        "file": "audio/demo.mp3",
        "category": "Cloud Rap",
        "image": "images/demo-5.jpg",
        "price": "14.99",
        "uploaded": "2025-10-24 16:13:22"
    },
    {
        "name": "Silver Flow",
        "producer": "Dmitrii from Pixabay",
        "file": "audio/demo.mp3",
        "category": "Freestyle Rap",
        "image": "images/demo-4.jpg",
        "price": "9.99",
        "uploaded": "2025-10-24 16:13:22"
    },
    {
        "name": "Ocean Tape",
        "producer": "Dmitrii from Pixabay",
        "file": "audio/demo.mp3",
        "category": "Lo Fi Hip Hop",
        "image": "images/demo-2.jpg",
        "price": "34.99",
        "uploaded": "2025-10-24 16:13:22"
    },
    {
        "name": "Ocean Tape",
        "producer": "Dmitrii from Pixabay",
        "file": "audio/demo.mp3",
        "category": "Experimental Hip Hop",
        "image": "images/demo-4.jpg",
        "price": "29.99",
        "uploaded": "2025-10-24 16:13:22"
    },
    {
        "name": "Ocean Tape",
        "producer": "Dmitrii from Pixabay",
        "file": "audio/demo.mp3",
        "category": "Rage Beats",
        "image": "images/demo-4.jpg",
        "price": "34.99",
        "uploaded": "2025-10-24 16:13:22"
    },
    {
        "name": "Skyline",
        "producer": "Dmitrii from Pixabay",
        "file": "audio/demo.mp3",
        "category": "World",
        "image": "images/demo-5.jpg",
        "price": "14.99",
        "uploaded": "2025-10-24 16:13:22"
    },
    {
        "name": "Ocean Tape",
        "producer": "Dmitrii from Pixabay",
        "file": "audio/demo.mp3",
        "category": "Reggaeton",
        "image": "images/demo-5.jpg",
        "price": "29.99",
        "uploaded": "2025-10-24 16:13:22"
    },
    {
        "name": "Deep Cut",
        "producer": "Dmitrii from Pixabay",
        "file": "audio/demo.mp3",
        "category": "Afro",
        "image": "images/demo-2.jpg",
        "price": "34.99",
        "uploaded": "2025-10-24 16:13:22"
    },
    {
        "name": "Dream Code",
        "producer": "Dmitrii from Pixabay",
        "file": "audio/demo.mp3",
        "category": "Grime",
        "image": "images/demo-5.jpg",
        "price": "9.99",
        "uploaded": "2025-10-24 16:13:22"
    },
    {
        "name": "Neon Beat",
        "producer": "Dmitrii from Pixabay",
        "file": "audio/demo.mp3",
        "category": "Latin Trap",
        "image": "images/demo-3.jpg",
        "price": "14.99",
        "uploaded": "2025-10-24 16:13:22"
    },
    {
        "name": "Sunset Drive",
        "producer": "Dmitrii from Pixabay",
        "file": "audio/demo.mp3",
        "category": "Trip hop",
        "image": "images/demo-1.jpg",
        "price": "24.99",
        "uploaded": "2025-10-24 16:13:22"
    },
    {
        "name": "Deep Cut",
        "producer": "Dmitrii from Pixabay",
        "file": "audio/demo.mp3",
        "category": "Dub",
        "image": "images/demo-4.jpg",
        "price": "9.99",
        "uploaded": "2025-10-24 16:13:22"
    },
    {
        "name": "Ocean Tape",
        "producer": "Dmitrii from Pixabay",
        "file": "audio/demo.mp3",
        "category": "Roots",
        "image": "images/demo-2.jpg",
        "price": "24.99",
        "uploaded": "2025-10-24 16:13:22"
    },
    {
        "name": "Ocean Tape",
        "producer": "Dmitrii from Pixabay",
        "file": "audio/demo.mp3",
        "category": "Two step",
        "image": "images/demo-3.jpg",
        "price": "14.99",
        "uploaded": "2025-10-24 16:13:22"
    },
    {
        "name": "Sunset Drive",
        "producer": "Dmitrii from Pixabay",
        "file": "audio/demo.mp3",
        "category": "Jersey Club",
        "image": "images/demo-2.jpg",
        "price": "24.99",
        "uploaded": "2025-10-24 16:13:22"
    },
    {
        "name": "Skyline",
        "producer": "Dmitrii from Pixabay",
        "file": "audio/demo.mp3",
        "category": "Hyperpop",
        "image": "images/demo-2.jpg",
        "price": "19.99",
        "uploaded": "2025-10-24 16:13:22"
    },
    {
        "name": "Echo City",
        "producer": "Dmitrii from Pixabay",
        "file": "audio/demo.mp3",
        "category": "Folk",
        "image": "images/demo-3.jpg",
        "price": "29.99",
        "uploaded": "2025-10-24 16:13:22"
    },
    {
        "name": "Echo City",
        "producer": "Dmitrii from Pixabay",
        "file": "audio/demo.mp3",
        "category": "Indie",
        "image": "images/demo-4.jpg",
        "price": "19.99",
        "uploaded": "2025-10-24 16:13:22"
    },
    {
        "name": "Golden Line",
        "producer": "Dmitrii from Pixabay",
        "file": "audio/demo.mp3",
        "category": "Break Beat",
        "image": "images/demo-2.jpg",
        "price": "9.99",
        "uploaded": "2025-10-24 16:13:22"
    },
    {
        "name": "Golden Line",
        "producer": "Dmitrii from Pixabay",
        "file": "audio/demo.mp3",
        "category": "K-pop",
        "image": "images/demo-1.jpg",
        "price": "14.99",
        "uploaded": "2025-10-24 16:13:22"
    },
    {
        "name": "Skyline",
        "producer": "Dmitrii from Pixabay",
        "file": "audio/demo.mp3",
        "category": "Country rock",
        "image": "images/demo-2.jpg",
        "price": "9.99",
        "uploaded": "2025-10-24 16:13:22"
    },
    {
        "name": "Golden Line",
        "producer": "Dmitrii from Pixabay",
        "file": "audio/demo.mp3",
        "category": "Christian",
        "image": "images/demo-4.jpg",
        "price": "29.99",
        "uploaded": "2025-10-24 16:13:22"
    },
    {
        "name": "Echo City",
        "producer": "Dmitrii from Pixabay",
        "file": "audio/demo.mp3",
        "category": "Gospel",
        "image": "images/demo-2.jpg",
        "price": "24.99",
        "uploaded": "2025-10-24 16:13:22"
    },
    {
        "name": "Dream Code",
        "producer": "Dmitrii from Pixabay",
        "file": "audio/demo.mp3",
        "category": "Country Rap",
        "image": "images/demo-1.jpg",
        "price": "29.99",
        "uploaded": "2025-10-24 16:13:22"
    },
    {
        "name": "Skyline",
        "producer": "Dmitrii from Pixabay",
        "file": "audio/demo.mp3",
        "category": "Pop 80s",
        "image": "images/demo-1.jpg",
        "price": "24.99",
        "uploaded": "2025-10-24 16:13:22"
    },
    {
        "name": "Echo City",
        "producer": "Dmitrii from Pixabay",
        "file": "audio/demo.mp3",
        "category": "Jazz Rap",
        "image": "images/demo-4.jpg",
        "price": "9.99",
        "uploaded": "2025-10-24 16:13:22"
    },
    {
        "name": "Silver Flow",
        "producer": "Dmitrii from Pixabay",
        "file": "audio/demo.mp3",
        "category": "Metal",
        "image": "images/demo-3.jpg",
        "price": "19.99",
        "uploaded": "2025-10-24 16:13:22"
    },
    {
        "name": "Silver Flow",
        "producer": "Dmitrii from Pixabay",
        "file": "audio/demo.mp3",
        "category": "Nu metal",
        "image": "images/demo-2.jpg",
        "price": "34.99",
        "uploaded": "2025-10-24 16:13:22"
    },
    {
        "name": "Sunset Drive",
        "producer": "Dmitrii from Pixabay",
        "file": "audio/demo.mp3",
        "category": "Metalcore",
        "image": "images/demo-1.jpg",
        "price": "24.99",
        "uploaded": "2025-10-24 16:13:22"
    },
    {
        "name": "Dream Code",
        "producer": "Dmitrii from Pixabay",
        "file": "audio/demo.mp3",
        "category": "Smooth rnb",
        "image": "images/demo-4.jpg",
        "price": "14.99",
        "uploaded": "2025-10-24 16:13:22"
    },
    {
        "name": "Dream Code",
        "producer": "Dmitrii from Pixabay",
        "file": "audio/demo.mp3",
        "category": "Industrial",
        "image": "images/demo-2.jpg",
        "price": "14.99",
        "uploaded": "2025-10-24 16:13:22"
    },
    {
        "name": "Street Light",
        "producer": "Dmitrii from Pixabay",
        "file": "audio/demo.mp3",
        "category": "Alternative",
        "image": "images/demo-4.jpg",
        "price": "29.99",
        "uploaded": "2025-10-24 16:13:22"
    },
    {
        "name": "Silver Flow",
        "producer": "Dmitrii from Pixabay",
        "file": "audio/demo.mp3",
        "category": "Orchestral",
        "image": "images/demo-2.jpg",
        "price": "24.99",
        "uploaded": "2025-10-24 16:13:22"
    },
    {
        "name": "Golden Line",
        "producer": "Dmitrii from Pixabay",
        "file": "audio/demo.mp3",
        "category": "Classical",
        "image": "images/demo-1.jpg",
        "price": "14.99",
        "uploaded": "2025-10-24 16:13:22"
    },
    {
        "name": "Skyline",
        "producer": "Dmitrii from Pixabay",
        "file": "audio/demo.mp3",
        "category": "California Sound",
        "image": "images/demo-3.jpg",
        "price": "9.99",
        "uploaded": "2025-10-24 16:13:22"
    },
    {
        "name": "Ocean Tape",
        "producer": "Dmitrii from Pixabay",
        "file": "audio/demo.mp3",
        "category": "Edm",
        "image": "images/demo-4.jpg",
        "price": "9.99",
        "uploaded": "2025-10-24 16:13:22"
    },
    {
        "name": "Golden Line",
        "producer": "Dmitrii from Pixabay",
        "file": "audio/demo.mp3",
        "category": "East coast",
        "image": "images/demo-2.jpg",
        "price": "9.99",
        "uploaded": "2025-10-24 16:13:22"
    },
    {
        "name": "Golden Line",
        "producer": "Dmitrii from Pixabay",
        "file": "audio/demo.mp3",
        "category": "Old school",
        "image": "images/demo-2.jpg",
        "price": "14.99",
        "uploaded": "2025-10-24 16:13:22"
    },
    {
        "name": "Street Light",
        "producer": "Dmitrii from Pixabay",
        "file": "audio/demo.mp3",
        "category": "Underground",
        "image": "images/demo-5.jpg",
        "price": "29.99",
        "uploaded": "2025-10-24 16:13:22"
    },
    {
        "name": "Neon Beat",
        "producer": "Dmitrii from Pixabay",
        "file": "audio/demo.mp3",
        "category": "West coast",
        "image": "images/demo-2.jpg",
        "price": "9.99",
        "uploaded": "2025-10-24 16:13:22"
    },
    {
        "name": "Golden Line",
        "producer": "Dmitrii from Pixabay",
        "file": "audio/demo.mp3",
        "category": "New soul",
        "image": "images/demo-3.jpg",
        "price": "34.99",
        "uploaded": "2025-10-24 16:13:22"
    },
    {
        "name": "Skyline",
        "producer": "Dmitrii from Pixabay",
        "file": "audio/demo.mp3",
        "category": "Gangsta",
        "image": "images/demo-3.jpg",
        "price": "24.99",
        "uploaded": "2025-10-24 16:13:22"
    },
    {
        "name": "Dream Code",
        "producer": "Dmitrii from Pixabay",
        "file": "audio/demo.mp3",
        "category": "Pop Electronic",
        "image": "images/demo-2.jpg",
        "price": "24.99",
        "uploaded": "2025-10-24 16:13:22"
    },
    {
        "name": "Skyline",
        "producer": "Dmitrii from Pixabay",
        "file": "audio/demo.mp3",
        "category": "Hip Hop Soul",
        "image": "images/demo-3.jpg",
        "price": "9.99",
        "uploaded": "2025-10-24 16:13:22"
    },
    {
        "name": "Ocean Tape",
        "producer": "Dmitrii from Pixabay",
        "file": "audio/demo.mp3",
        "category": "Class Soul",
        "image": "images/demo-3.jpg",
        "price": "24.99",
        "uploaded": "2025-10-24 16:13:22"
    },
    {
        "name": "Silver Flow",
        "producer": "Dmitrii from Pixabay",
        "file": "audio/demo.mp3",
        "category": "Crunk",
        "image": "images/demo-5.jpg",
        "price": "24.99",
        "uploaded": "2025-10-24 16:13:22"
    },
    {
        "name": "Deep Cut",
        "producer": "Dmitrii from Pixabay",
        "file": "audio/demo.mp3",
        "category": "Drum and Bass",
        "image": "images/demo-4.jpg",
        "price": "24.99",
        "uploaded": "2025-10-24 16:13:22"
    },
    {
        "name": "Dream Code",
        "producer": "Dmitrii from Pixabay",
        "file": "audio/demo.mp3",
        "category": "Underground Hip Hop",
        "image": "images/demo-4.jpg",
        "price": "24.99",
        "uploaded": "2025-10-24 16:13:22"
    },
    {
        "name": "Skyline",
        "producer": "Dmitrii from Pixabay",
        "file": "audio/demo.mp3",
        "category": "Pop Country",
        "image": "images/demo-2.jpg",
        "price": "14.99",
        "uploaded": "2025-10-24 16:13:22"
    },
    {
        "name": "Street Light",
        "producer": "Dmitrii from Pixabay",
        "file": "audio/demo.mp3",
        "category": "Uk grime",
        "image": "images/demo-1.jpg",
        "price": "9.99",
        "uploaded": "2025-10-24 16:13:22"
    },
    {
        "name": "Street Light",
        "producer": "Dmitrii from Pixabay",
        "file": "audio/demo.mp3",
        "category": "Emo Hip Hop",
        "image": "images/demo-1.jpg",
        "price": "34.99",
        "uploaded": "2025-10-24 16:13:22"
    },
    {
        "name": "Deep Cut",
        "producer": "Dmitrii from Pixabay",
        "file": "audio/demo.mp3",
        "category": "Dance RnB",
        "image": "images/demo-1.jpg",
        "price": "29.99",
        "uploaded": "2025-10-24 16:13:22"
    },
    {
        "name": "Echo City",
        "producer": "Dmitrii from Pixabay",
        "file": "audio/demo.mp3",
        "category": "Synth Pop",
        "image": "images/demo-2.jpg",
        "price": "14.99",
        "uploaded": "2025-10-24 16:13:22"
    },
    {
        "name": "Ocean Tape",
        "producer": "Dmitrii from Pixabay",
        "file": "audio/demo.mp3",
        "category": "Contemporary Rb",
        "image": "images/demo-1.jpg",
        "price": "34.99",
        "uploaded": "2025-10-24 16:13:22"
    },
    {
        "name": "Deep Cut",
        "producer": "Dmitrii from Pixabay",
        "file": "audio/demo.mp3",
        "category": "Jerk",
        "image": "images/demo-5.jpg",
        "price": "14.99",
        "uploaded": "2025-10-24 16:13:22"
    },
    {
        "name": "Ocean Tape",
        "producer": "Dmitrii from Pixabay",
        "file": "audio/demo.mp3",
        "category": "Trance",
        "image": "images/demo-2.jpg",
        "price": "34.99",
        "uploaded": "2025-10-24 16:13:22"
    },
    {
        "name": "Sunset Drive",
        "producer": "Dmitrii from Pixabay",
        "file": "audio/demo.mp3",
        "category": "Latin pop",
        "image": "images/demo-4.jpg",
        "price": "24.99",
        "uploaded": "2025-10-24 16:13:22"
    },
    {
        "name": "Deep Cut",
        "producer": "Dmitrii from Pixabay",
        "file": "audio/demo.mp3",
        "category": "Country pop and rock",
        "image": "images/demo-5.jpg",
        "price": "9.99",
        "uploaded": "2025-10-24 16:13:22"
    },
    {
        "name": "Golden Line",
        "producer": "Dmitrii from Pixabay",
        "file": "audio/demo.mp3",
        "category": "Reggae",
        "image": "images/demo-5.jpg",
        "price": "24.99",
        "uploaded": "2025-10-24 01:25:01"
    },
    {
        "name": "Silver Flow",
        "producer": "Dmitrii from Pixabay",
        "file": "audio/demo.mp3",
        "category": "Trap",
        "image": "images/demo-5.jpg",
        "price": "19.99",
        "uploaded": "2025-10-24 01:22:43"
    },
    {
        "name": "Neon Beat",
        "producer": "Dmitrii from Pixabay",
        "file": "audio/demo.mp3",
        "category": "Rnb",
        "image": "images/demo-4.jpg",
        "price": "14.99",
        "uploaded": "2025-10-24 01:22:43"
    },
    {
        "name": "Skyline",
        "producer": "Dmitrii from Pixabay",
        "file": "audio/demo.mp3",
        "category": "Pop",
        "image": "images/demo-1.jpg",
        "price": "29.99",
        "uploaded": "2025-10-24 01:22:43"
    },
    {
        "name": "Street Light",
        "producer": "Dmitrii from Pixabay",
        "file": "audio/demo.mp3",
        "category": "Afro beat",
        "image": "images/demo-2.jpg",
        "price": "14.99",
        "uploaded": "2025-10-24 01:22:43"
    },
    {
        "name": "Silver Flow",
        "producer": "Dmitrii from Pixabay",
        "file": "audio/demo.mp3",
        "category": "House",
        "image": "images/demo-1.jpg",
        "price": "24.99",
        "uploaded": "2025-10-24 01:22:43"
    },
    {
        "name": "Street Light",
        "producer": "Dmitrii from Pixabay",
        "file": "audio/demo.mp3",
        "category": "Rock",
        "image": "images/demo-2.jpg",
        "price": "34.99",
        "uploaded": "2025-10-24 01:22:43"
    },
    {
        "name": "Golden Line",
        "producer": "Dmitrii from Pixabay",
        "file": "audio/demo.mp3",
        "category": "Jazz",
        "image": "images/demo-5.jpg",
        "price": "24.99",
        "uploaded": "2025-10-24 01:22:43"
    },
    {
        "name": "Sunset Drive",
        "producer": "Dmitrii from Pixabay",
        "file": "audio/demo.mp3",
        "category": "Ambient",
        "image": "images/demo-2.jpg",
        "price": "19.99",
        "uploaded": "2025-10-24 01:22:43"
    },
    {
        "name": "Golden Line 453",
        "producer": "Dmitrii from Pixabay",
        "file": "audio/demo.mp3",
        "category": "Techno",
        "image": "images/demo-1.jpg",
        "price": "14.99",
        "uploaded": "2025-10-24 01:22:43"
    },
    {
        "name": "Keys",
        "producer": "Crystal Lewis",
        "file": "audio/keys-video.m4a",
        "category": "Hip hop",
        "image": "images/1761389134-mine.webp",
        "price": "30.00",
        "uploaded": "2025-10-23 17:48:55"
    }
]
