[
  {
    "name": "Keys",
    "producer": "Crystal Lewis",
    "file": "audio/keys-video.m4a",
    "category": "Hip hop",
    "image": "images/1761389134-mine.webp",
    "price": "30.00",
    "uploaded": "2024-10-23 17:48:55"
  },
  {
    "name": "Creepy",
    "producer": "Crystal Lewis",
    "file": "audio/1761390825-creepy-Piano.m4a",
    "category": "Trap",
    "image": "images/1761390825-creepy.webp",
    "price": "19.99",
    "uploaded": "2024-10-25 11:13:45"
  },
  {
    "name": "Deep Cut",
    "producer": "Dmitrii from Pixabay",
    "file": "audio/demo.mp3",
    "category": "Pop Rap",
    "image": "images/demo-2.jpg",
    "price": "24.99",
    "uploaded": "2024-10-24 16:17:51"
  },
  {
    "name": "Silver Flow",
    "producer": "Dmitrii from Pixabay",
    "file": "audio/demo.mp3",
    "category": "Dance",
    "image": "images/demo-4.jpg",
    "price": "14.99",
    "uploaded": "2024-10-24 16:13:22"
  },
  {
    "name": "Ocean Tape",
    "producer": "Dmitrii from Pixabay",
    "file": "audio/demo.mp3",
    "category": "Chill",
    "image": "images/demo-3.jpg",
    "price": "19.99",
    "uploaded": "2024-10-24 16:13:22"
  },
  {
    "name": "Sunset Drive",
    "producer": "Dmitrii from Pixabay",
    "file": "audio/demo.mp3",
    "category": "Lo-fi",
    "image": "images/demo-1.jpg",
    "price": "29.99",
    "uploaded": "2024-10-24 16:13:22"
  }
]
