[
  {
    "name": "Keys",
    "producer": "Crystal Lewis",
    "file": "audio/keys-video.m4a",
    "category": "Hip hop",
    "image": "images/1761389134-mine.webp",
    "price": "30.00",
    "uploaded": "2024-10-23 17:48:55"
  },
  {
    "name": "Creepy",
    "producer": "Crystal Lewis",
    "file": "audio/1761390825-creepy-Piano.m4a",
    "category": "Trap",
    "image": "images/1761390825-creepy.webp",
    "price": "19.99",
    "uploaded": "2024-10-25 11:13:45"
  },
  {
    "name": "City Pulse",
    "producer": "Crystal Lewis",
    "file": "audio/demo.mp3",
    "category": "Pop Rap",
    "image": "images/demo-5.jpg",
    "price": "21.00",
    "uploaded": "2024-10-26 08:12:10"
  },
  {
    "name": "Silver Flow",
    "producer": "Dmitrii from Pixabay",
    "file": "audio/demo.mp3",
    "category": "Dance",
    "image": "images/demo-4.jpg",
    "price": "14.99",
    "uploaded": "2024-10-24 16:13:22"
  },
  {
    "name": "Ocean Tape",
    "producer": "Dmitrii from Pixabay",
    "file": "audio/demo.mp3",
    "category": "Chill",
    "image": "images/demo-3.jpg",
    "price": "19.99",
    "uploaded": "2024-10-24 16:13:22"
  },
  {
    "name": "Sunset Drive",
    "producer": "Dmitrii from Pixabay",
    "file": "audio/demo.mp3",
    "category": "Lo-fi",
    "image": "images/demo-1.jpg",
    "price": "29.99",
    "uploaded": "2024-10-24 16:13:22"
  },
  {
    "name": "Velvet Nights",
    "producer": "Crystal Lewis",
    "file": "audio/demo.mp3",
    "category": "Rnb",
    "image": "images/demo-5.jpg",
    "price": "22.00",
    "uploaded": "2024-10-26 09:12:33"
  },
  {
    "name": "Neon Bloom",
    "producer": "Crystal Lewis",
    "file": "audio/demo.mp3",
    "category": "Pop",
    "image": "images/demo-4.jpg",
    "price": "18.00",
    "uploaded": "2024-10-26 09:12:33"
  },
  {
    "name": "Lagos Lights",
    "producer": "Crystal Lewis",
    "file": "audio/demo.mp3",
    "category": "Afro beat",
    "image": "images/demo-3.jpg",
    "price": "26.00",
    "uploaded": "2024-10-26 09:12:33"
  },
  {
    "name": "Island Skies",
    "producer": "Crystal Lewis",
    "file": "audio/demo.mp3",
    "category": "Reggae",
    "image": "images/demo-2.jpg",
    "price": "16.00",
    "uploaded": "2024-10-26 09:12:33"
  },
  {
    "name": "Pulse Shift",
    "producer": "Crystal Lewis",
    "file": "audio/demo.mp3",
    "category": "House",
    "image": "images/demo-1.jpg",
    "price": "20.00",
    "uploaded": "2024-10-26 09:12:33"
  },
  {
    "name": "Crimson Fuzz",
    "producer": "Crystal Lewis",
    "file": "audio/demo.mp3",
    "category": "Rock",
    "image": "images/demo-4.jpg",
    "price": "21.00",
    "uploaded": "2024-10-26 09:12:33"
  },
  {
    "name": "Blue Note Drift",
    "producer": "Crystal Lewis",
    "file": "audio/demo.mp3",
    "category": "Jazz",
    "image": "images/demo-3.jpg",
    "price": "24.00",
    "uploaded": "2024-10-26 09:12:33"
  },
  {
    "name": "Amber Echo",
    "producer": "Crystal Lewis",
    "file": "audio/demo.mp3",
    "category": "Alternative RnB",
    "image": "images/demo-2.jpg",
    "price": "25.00",
    "uploaded": "2024-10-26 09:12:33"
  },
  {
    "name": "Circuit Bloom",
    "producer": "Crystal Lewis",
    "file": "audio/demo.mp3",
    "category": "Electronic",
    "image": "images/demo-1.jpg",
    "price": "23.00",
    "uploaded": "2024-10-26 09:12:33"
  }
]
